﻿<parameters>
  <parameter name="IIS Web Application Name" defaultValue="Default Web Site/oracleaspproviderapp1_deploy" tags="IisApp">
    <parameterEntry kind="ProviderPath" scope="IisApp" match="^C:\\ADE\\owou_wx1\\odpmanaged\\test\\work_ng_4\.6\\tkNGMWebProvidersApp\\obj\\Release\\Package\\PackageTmp$" />
    <parameterEntry kind="ProviderPath" scope="setAcl" match="^C:\\ADE\\owou_wx1\\odpmanaged\\test\\work_ng_4\.6\\tkNGMWebProvidersApp\\obj\\Release\\Package\\PackageTmp$" />
  </parameter>
  <parameter name="dataSources" description="Please provide the Db connection string description" defaultValue="(DESCRIPTION=(ADDRESS=(PROTOCOL=tcp)(HOST=SLC09XUS)(PORT=5510))(CONNECT_DATA=(SERVICE_NAME=orcl.us.oracle.com)))">
    <parameterEntry kind="XmlFile" scope="\\Web\.config$" match="/configuration/oracle.manageddataaccess.client/version/dataSources/dataSource[@alias='SampleDataSource']/@descriptor" />
  </parameter>
  <parameter name="OraAspNetConString-Web.config Connection String" defaultValue="user id=scott;password=tiger;data source=SampleDataSource">
    <parameterEntry kind="XmlFile" scope="C:\\ADE\\owou_wx1\\odpmanaged\\test\\work_ng_4\.6\\tkNGMWebProvidersApp\\obj\\Release\\Package\\PackageTmp\\Web\.config$" match="/configuration/connectionStrings/add[@name='OraAspNetConString']/@connectionString" />
  </parameter>
</parameters>